﻿{
  "license": "MIT",
  "file_hash": null,
  "name": "GeoTiffReader",
  "version": "1.0.0",
  "description": "",
  "group": "3BM",
  "keywords": [ "3BM", "GeoTiffReader", "dynamo" ],
  "dependencies": [],
  "contents": "3BM - GeoTiffReader",
  "engine_version": "1.0.0",
  "engine": "dynamo",
  "engine_metadata": "",
  "site_url": "",
  "repository_url": "",
  "contains_binaries": true,
  "node_libraries": [
    "GeoTiffReader, Version=1.0.0, Culture=neutral, PublicKeyToken=null"
  ]
}
